{"cameraMode":{"drawMode":0,"name":"Shaded","section":"Shading Mode"},"sceneLighting":false,"audioPlay":false,"sceneViewState":{"showFog":true,"showMaterialUpdate":false,"showSkybox":false,"showFlares":true,"showImageEffects":true,"showParticleSystems":true},"in2DMode":false,"pivot":{"x":46.735679626464847,"y":-11.62428092956543,"z":-13.83742904663086},"rotation":{"x":0.06750545650720597,"y":0.8049817085266113,"z":-0.09341717511415482,"w":0.5821588635444641},"size":28.091291427612306,"orthographic":false}