{"cameraMode":{"drawMode":0,"name":"Shaded","section":"Shading Mode"},"sceneLighting":false,"audioPlay":false,"sceneViewState":{"showFog":true,"showMaterialUpdate":false,"showSkybox":false,"showFlares":true,"showImageEffects":true,"showParticleSystems":true},"in2DMode":false,"pivot":{"x":4.656612873077393e-10,"y":0.01209998782724142,"z":-1.3969838619232178e-9},"rotation":{"x":0.027479004114866258,"y":0.7743231058120728,"z":-0.03370462730526924,"w":0.6313040852546692},"size":0.013511419296264649,"orthographic":false}