{"cameraMode":{"drawMode":0,"name":"Shaded","section":"Shading Mode"},"sceneLighting":false,"audioPlay":false,"sceneViewState":{"showFog":true,"showMaterialUpdate":false,"showSkybox":false,"showFlares":true,"showImageEffects":true,"showParticleSystems":true},"in2DMode":false,"pivot":{"x":4.493075847625732,"y":5.008585453033447,"z":11.109999656677246},"rotation":{"x":0.07130824774503708,"y":0.7372809052467346,"z":-0.07884729653596878,"w":0.667310357093811},"size":6.362677574157715,"orthographic":false}