{"cameraMode":{"drawMode":0,"name":"Shaded","section":"Shading Mode"},"sceneLighting":false,"audioPlay":false,"sceneViewState":{"showFog":true,"showMaterialUpdate":false,"showSkybox":false,"showFlares":true,"showImageEffects":true,"showParticleSystems":true},"in2DMode":false,"pivot":{"x":4.508571624755859,"y":0.26831209659576418,"z":0.8405112624168396},"rotation":{"x":0.08640595525503159,"y":0.6909509301185608,"z":-0.08373219519853592,"w":0.7128552794456482},"size":2.942636728286743,"orthographic":false}